{"latitude":37.8267,"longitude":-122.423,"timezone":"America/Los_Angeles","offset":-7,"currently":{"time":1474360436,"summary":"Clear","icon":"clear-night","nearestStormDistance":292,"nearestStormBearing":138,"precipIntensity":0,"precipProbability":0,"temperature":59.92,"apparentTemperature":59.92,"dewPoint":52.56,"humidity":0.77,"windSpeed":6.01,"windBearing":256,"visibility":9.36,"cloudCover":0.17,"pressure":1014.06,"ozone":278.21},"minutely":{"summary":"Clear for the hour.","icon":"clear-night","data":[{"time":1474360380,"precipIntensity":0,"precipProbability":0},{"time":1474360440,"precipIntensity":0,"precipProbability":0},{"time":1474360500,"precipIntensity":0,"precipProbability":0},{"time":1474360560,"precipIntensity":0,"precipProbability":0},{"time":1474360620,"precipIntensity":0,"precipProbability":0},{"time":1474360680,"precipIntensity":0,"precipProbability":0},{"time":1474360740,"precipIntensity":0,"precipProbability":0},{"time":1474360800,"precipIntensity":0,"precipProbability":0},{"time":1474360860,"precipIntensity":0,"precipProbability":0},{"time":1474360920,"precipIntensity":0,"precipProbability":0},{"time":1474360980,"precipIntensity":0,"precipProbability":0},{"time":1474361040,"precipIntensity":0,"precipProbability":0},{"time":1474361100,"precipIntensity":0,"precipProbability":0},{"time":1474361160,"precipIntensity":0,"precipProbability":0},{"time":1474361220,"precipIntensity":0,"precipProbability":0},{"time":1474361280,"precipIntensity":0,"precipProbability":0},{"time":1474361340,"precipIntensity":0,"precipProbability":0},{"time":1474361400,"precipIntensity":0,"precipProbability":0},{"time":1474361460,"precipIntensity":0,"precipProbability":0},{"time":1474361520,"precipIntensity":0,"precipProbability":0},{"time":1474361580,"precipIntensity":0,"precipProbability":0},{"time":1474361640,"precipIntensity":0,"precipProbability":0},{"time":1474361700,"precipIntensity":0,"precipProbability":0},{"time":1474361760,"precipIntensity":0,"precipProbability":0},{"time":1474361820,"precipIntensity":0,"precipProbability":0},{"time":1474361880,"precipIntensity":0,"precipProbability":0},{"time":1474361940,"precipIntensity":0,"precipProbability":0},{"time":1474362000,"precipIntensity":0,"precipProbability":0},{"time":1474362060,"precipIntensity":0,"precipProbability":0},{"time":1474362120,"precipIntensity":0,"precipProbability":0},{"time":1474362180,"precipIntensity":0,"precipProbability":0},{"time":1474362240,"precipIntensity":0,"precipProbability":0},{"time":1474362300,"precipIntensity":0,"precipProbability":0},{"time":1474362360,"precipIntensity":0,"precipProbability":0},{"time":1474362420,"precipIntensity":0,"precipProbability":0},{"time":1474362480,"precipIntensity":0,"precipProbability":0},{"time":1474362540,"precipIntensity":0,"precipProbability":0},{"time":1474362600,"precipIntensity":0,"precipProbability":0},{"time":1474362660,"precipIntensity":0,"precipProbability":0},{"time":1474362720,"precipIntensity":0,"precipProbability":0},{"time":1474362780,"precipIntensity":0,"precipProbability":0},{"time":1474362840,"precipIntensity":0,"precipProbability":0},{"time":1474362900,"precipIntensity":0,"precipProbability":0},{"time":1474362960,"precipIntensity":0,"precipProbability":0},{"time":1474363020,"precipIntensity":0,"precipProbability":0},{"time":1474363080,"precipIntensity":0,"precipProbability":0},{"time":1474363140,"precipIntensity":0,"precipProbability":0},{"time":1474363200,"precipIntensity":0,"precipProbability":0},{"time":1474363260,"precipIntensity":0,"precipProbability":0},{"time":1474363320,"precipIntensity":0,"precipProbability":0},{"time":1474363380,"precipIntensity":0,"precipProbability":0},{"time":1474363440,"precipIntensity":0,"precipProbability":0},{"time":1474363500,"precipIntensity":0,"precipProbability":0},{"time":1474363560,"precipIntensity":0,"precipProbability":0},{"time":1474363620,"precipIntensity":0,"precipProbability":0},{"time":1474363680,"precipIntensity":0,"precipProbability":0},{"time":1474363740,"precipIntensity":0,"precipProbability":0},{"time":1474363800,"precipIntensity":0,"precipProbability":0},{"time":1474363860,"precipIntensity":0,"precipProbability":0},{"time":1474363920,"precipIntensity":0,"precipProbability":0},{"time":1474363980,"precipIntensity":0,"precipProbability":0}]},"hourly":{"summary":"Partly cloudy starting tomorrow morning, continuing until tomorrow night.","icon":"partly-cloudy-day","data":[{"time":1474358400,"summary":"Clear","icon":"clear-night","precipIntensity":0,"precipProbability":0,"temperature":59.84,"apparentTemperature":59.84,"dewPoint":52.73,"humidity":0.77,"windSpeed":6.22,"windBearing":256,"visibility":9.38,"cloudCover":0.13,"pressure":1014.01,"ozone":278.35},{"time":1474362000,"summary":"Clear","icon":"clear-night","precipIntensity":0,"precipProbability":0,"temperature":59.98,"apparentTemperature":59.98,"dewPoint":52.43,"humidity":0.76,"windSpeed":5.84,"windBearing":256,"visibility":9.34,"cloudCover":0.2,"pressure":1014.1,"ozone":278.1},{"time":1474365600,"summary":"Clear","icon":"clear-night","precipIntensity":0,"precipProbability":0,"temperature":59.5,"apparentTemperature":59.5,"dewPoint":52.32,"humidity":0.77,"windSpeed":5.39,"windBearing":255,"visibility":9.07,"cloudCover":0.21,"pressure":1014.11,"ozone":277.99},{"time":1474369200,"summary":"Partly Cloudy","icon":"partly-cloudy-night","precipIntensity":0,"precipProbability":0,"temperature":58.84,"apparentTemperature":58.84,"dewPoint":52.35,"humidity":0.79,"windSpeed":5.13,"windBearing":251,"visibility":8.63,"cloudCover":0.32,"pressure":1014.08,"ozone":277.96},{"time":1474372800,"summary":"Partly Cloudy","icon":"partly-cloudy-night","precipIntensity":0,"precipProbability":0,"temperature":58.18,"apparentTemperature":58.18,"dewPoint":52.17,"humidity":0.8,"windSpeed":4.98,"windBearing":251,"visibility":8.16,"cloudCover":0.48,"pressure":1014.09,"ozone":278.06},{"time":1474376400,"summary":"Partly Cloudy","icon":"partly-cloudy-night","precipIntensity":0,"precipProbability":0,"temperature":57.37,"apparentTemperature":57.37,"dewPoint":51.62,"humidity":0.81,"windSpeed":5.01,"windBearing":253,"visibility":8.06,"cloudCover":0.58,"pressure":1014.23,"ozone":278.44},{"time":1474380000,"summary":"Mostly Cloudy","icon":"partly-cloudy-night","precipIntensity":0,"precipProbability":0,"temperature":56.85,"apparentTemperature":56.85,"dewPoint":51.23,"humidity":0.81,"windSpeed":4.9,"windBearing":256,"visibility":8.01,"cloudCover":0.67,"pressure":1014.47,"ozone":278.95},{"time":1474383600,"summary":"Mostly Cloudy","icon":"partly-cloudy-day","precipIntensity":0,"precipProbability":0,"temperature":58.11,"apparentTemperature":58.11,"dewPoint":51.97,"humidity":0.8,"windSpeed":4.93,"windBearing":261,"visibility":8.37,"cloudCover":0.69,"pressure":1014.67,"ozone":279.26},{"time":1474387200,"summary":"Mostly Cloudy","icon":"partly-cloudy-day","precipIntensity":0,"precipProbability":0,"temperature":62.59,"apparentTemperature":62.59,"dewPoint":53.87,"humidity":0.73,"windSpeed":5.67,"windBearing":261,"visibility":9.51,"cloudCover":0.62,"pressure":1014.82,"ozone":279.22},{"time":1474390800,"summary":"Partly Cloudy","icon":"partly-cloudy-day","precipIntensity":0,"precipProbability":0,"temperature":65.64,"apparentTemperature":65.64,"dewPoint":54.25,"humidity":0.67,"windSpeed":6.08,"windBearing":260,"visibility":9.71,"cloudCover":0.52,"pressure":1014.93,"ozone":278.99},{"time":1474394400,"summary":"Partly Cloudy","icon":"partly-cloudy-day","precipIntensity":0,"precipProbability":0,"temperature":67.91,"apparentTemperature":67.91,"dewPoint":54.42,"humidity":0.62,"windSpeed":6.41,"windBearing":260,"visibility":9.79,"cloudCover":0.43,"pressure":1014.93,"ozone":278.68},{"time":1474398000,"summary":"Partly Cloudy","icon":"partly-cloudy-day","precipIntensity":0,"precipProbability":0,"temperature":69.29,"apparentTemperature":69.29,"dewPoint":53.93,"humidity":0.58,"windSpeed":7.25,"windBearing":261,"visibility":9.83,"cloudCover":0.26,"pressure":1014.79,"ozone":278.26},{"time":1474401600,"summary":"Partly Cloudy","icon":"partly-cloudy-day","precipIntensity":0,"precipProbability":0,"temperature":71.23,"apparentTemperature":71.23,"dewPoint":53.92,"humidity":0.54,"windSpeed":8.29,"windBearing":266,"visibility":9.91,"cloudCover":0.3,"pressure":1014.53,"ozone":277.78},{"time":1474405200,"summary":"Clear","icon":"clear-day","precipIntensity":0,"precipProbability":0,"temperature":72.39,"apparentTemperature":72.39,"dewPoint":53.89,"humidity":0.52,"windSpeed":8.97,"windBearing":269,"visibility":9.98,"cloudCover":0.18,"pressure":1014.2,"ozone":277.41},{"time":1474408800,"summary":"Clear","icon":"clear-day","precipIntensity":0,"precipProbability":0,"temperature":72.93,"apparentTemperature":72.93,"dewPoint":53.58,"humidity":0.51,"windSpeed":9.68,"windBearing":273,"visibility":10,"cloudCover":0.24,"pressure":1013.78,"ozone":277.29},{"time":1474412400,"summary":"Partly Cloudy","icon":"partly-cloudy-day","precipIntensity":0,"precipProbability":0,"temperature":71.66,"apparentTemperature":71.66,"dewPoint":52.65,"humidity":0.51,"windSpeed":9.96,"windBearing":279,"visibility":10,"cloudCover":0.41,"pressure":1013.34,"ozone":277.29},{"time":1474416000,"summary":"Partly Cloudy","icon":"partly-cloudy-day","precipIntensity":0,"precipProbability":0,"temperature":70.16,"apparentTemperature":70.16,"dewPoint":52.04,"humidity":0.53,"windSpeed":9.64,"windBearing":282,"visibility":10,"cloudCover":0.45,"pressure":1013.04,"ozone":277.22},{"time":1474419600,"summary":"Partly Cloudy","icon":"partly-cloudy-day","precipIntensity":0,"precipProbability":0,"temperature":67.5,"apparentTemperature":67.5,"dewPoint":51.21,"humidity":0.56,"windSpeed":9.2,"windBearing":284,"visibility":10,"cloudCover":0.46,"pressure":1012.95,"ozone":276.97},{"time":1474423200,"summary":"Partly Cloudy","icon":"partly-cloudy-day","precipIntensity":0,"precipProbability":0,"temperature":64.89,"apparentTemperature":64.89,"dewPoint":51.81,"humidity":0.63,"windSpeed":8.7,"windBearing":283,"visibility":10,"cloudCover":0.35,"pressure":1012.98,"ozone":276.64},{"time":1474426800,"summary":"Partly Cloudy","icon":"partly-cloudy-night","precipIntensity":0,"precipProbability":0,"temperature":62.72,"apparentTemperature":62.72,"dewPoint":52.39,"humidity":0.69,"windSpeed":8.06,"windBearing":283,"visibility":10,"cloudCover":0.28,"pressure":1013.08,"ozone":276.41},{"time":1474430400,"summary":"Partly Cloudy","icon":"partly-cloudy-night","precipIntensity":0,"precipProbability":0,"temperature":61.59,"apparentTemperature":61.59,"dewPoint":53.06,"humidity":0.74,"windSpeed":7.76,"windBearing":283,"visibility":10,"cloudCover":0.27,"pressure":1013.29,"ozone":276.34},{"time":1474434000,"summary":"Partly Cloudy","icon":"partly-cloudy-night","precipIntensity":0,"precipProbability":0,"temperature":60.74,"apparentTemperature":60.74,"dewPoint":53.4,"humidity":0.77,"windSpeed":7.68,"windBearing":283,"visibility":10,"cloudCover":0.36,"pressure":1013.55,"ozone":276.36},{"time":1474437600,"summary":"Partly Cloudy","icon":"partly-cloudy-night","precipIntensity":0,"precipProbability":0,"temperature":59.18,"apparentTemperature":59.18,"dewPoint":52.75,"humidity":0.79,"windSpeed":7.45,"windBearing":281,"visibility":10,"cloudCover":0.34,"pressure":1013.76,"ozone":276.38},{"time":1474441200,"summary":"Partly Cloudy","icon":"partly-cloudy-night","precipIntensity":0,"precipProbability":0,"temperature":58.33,"apparentTemperature":58.33,"dewPoint":52.71,"humidity":0.82,"windSpeed":7.45,"windBearing":282,"visibility":10,"cloudCover":0.33,"pressure":1013.87,"ozone":276.29},{"time":1474444800,"summary":"Partly Cloudy","icon":"partly-cloudy-night","precipIntensity":0,"precipProbability":0,"temperature":57.91,"apparentTemperature":57.91,"dewPoint":52.56,"humidity":0.82,"windSpeed":7.48,"windBearing":283,"visibility":10,"cloudCover":0.34,"pressure":1013.93,"ozone":276.2},{"time":1474448400,"summary":"Partly Cloudy","icon":"partly-cloudy-night","precipIntensity":0,"precipProbability":0,"temperature":57.17,"apparentTemperature":57.17,"dewPoint":52.24,"humidity":0.84,"windSpeed":7.57,"windBearing":284,"visibility":10,"cloudCover":0.33,"pressure":1013.98,"ozone":276.32},{"time":1474452000,"summary":"Partly Cloudy","icon":"partly-cloudy-night","precipIntensity":0,"precipProbability":0,"temperature":56.35,"apparentTemperature":56.35,"dewPoint":51.96,"humidity":0.85,"windSpeed":7.76,"windBearing":285,"visibility":10,"cloudCover":0.33,"pressure":1013.98,"ozone":276.78},{"time":1474455600,"summary":"Partly Cloudy","icon":"partly-cloudy-night","precipIntensity":0,"precipProbability":0,"temperature":55.45,"apparentTemperature":55.45,"dewPoint":51.59,"humidity":0.87,"windSpeed":8.01,"windBearing":285,"visibility":10,"cloudCover":0.33,"pressure":1013.96,"ozone":277.45},{"time":1474459200,"summary":"Partly Cloudy","icon":"partly-cloudy-night","precipIntensity":0,"precipProbability":0,"temperature":54.67,"apparentTemperature":54.67,"dewPoint":51.11,"humidity":0.88,"windSpeed":8.23,"windBearing":286,"visibility":10,"cloudCover":0.34,"pressure":1014.03,"ozone":278.16},{"time":1474462800,"summary":"Partly Cloudy","icon":"partly-cloudy-night","precipIntensity":0,"precipProbability":0,"temperature":54.02,"apparentTemperature":54.02,"dewPoint":50.55,"humidity":0.88,"windSpeed":8.33,"windBearing":287,"visibility":10,"cloudCover":0.33,"pressure":1014.26,"ozone":278.9},{"time":1474466400,"summary":"Partly Cloudy","icon":"partly-cloudy-night","precipIntensity":0,"precipProbability":0,"temperature":53.62,"apparentTemperature":53.62,"dewPoint":49.92,"humidity":0.87,"windSpeed":8.39,"windBearing":288,"visibility":10,"cloudCover":0.33,"pressure":1014.59,"ozone":279.68},{"time":1474470000,"summary":"Partly Cloudy","icon":"partly-cloudy-day","precipIntensity":0,"precipProbability":0,"temperature":54.73,"apparentTemperature":54.73,"dewPoint":50.31,"humidity":0.85,"windSpeed":8.61,"windBearing":289,"visibility":10,"cloudCover":0.32,"pressure":1014.92,"ozone":280.33},{"time":1474473600,"summary":"Partly Cloudy","icon":"partly-cloudy-day","precipIntensity":0,"precipProbability":0,"temperature":56.55,"apparentTemperature":56.55,"dewPoint":50.61,"humidity":0.8,"windSpeed":9.21,"windBearing":288,"visibility":10,"cloudCover":0.32,"pressure":1015.24,"ozone":280.44},{"time":1474477200,"summary":"Partly Cloudy","icon":"partly-cloudy-day","precipIntensity":0,"precipProbability":0,"temperature":58.6,"apparentTemperature":58.6,"dewPoint":50.57,"humidity":0.75,"windSpeed":10.07,"windBearing":287,"visibility":10,"cloudCover":0.32,"pressure":1015.54,"ozone":280.43},{"time":1474480800,"summary":"Partly Cloudy","icon":"partly-cloudy-day","precipIntensity":0,"precipProbability":0,"temperature":60.19,"apparentTemperature":60.19,"dewPoint":50.18,"humidity":0.7,"windSpeed":11.01,"windBearing":286,"visibility":10,"cloudCover":0.3,"pressure":1015.7,"ozone":281.37},{"time":1474484400,"summary":"Partly Cloudy","icon":"partly-cloudy-day","precipIntensity":0,"precipProbability":0,"temperature":61.63,"apparentTemperature":61.63,"dewPoint":49.97,"humidity":0.66,"windSpeed":12.07,"windBearing":286,"visibility":10,"cloudCover":0.26,"pressure":1015.66,"ozone":284.15},{"time":1474488000,"summary":"Clear","icon":"clear-day","precipIntensity":0,"precipProbability":0,"temperature":63.47,"apparentTemperature":63.47,"dewPoint":50.3,"humidity":0.62,"windSpeed":13.22,"windBearing":287,"visibility":10,"cloudCover":0.19,"pressure":1015.47,"ozone":287.88},{"time":1474491600,"summary":"Clear","icon":"clear-day","precipIntensity":0,"precipProbability":0,"temperature":65.5,"apparentTemperature":65.5,"dewPoint":51.13,"humidity":0.6,"windSpeed":14.26,"windBearing":288,"visibility":10,"cloudCover":0.13,"pressure":1015.18,"ozone":290.99},{"time":1474495200,"summary":"Clear","icon":"clear-day","precipIntensity":0,"precipProbability":0,"temperature":67.24,"apparentTemperature":67.24,"dewPoint":52.04,"humidity":0.58,"windSpeed":15.17,"windBearing":289,"visibility":10,"cloudCover":0.09,"pressure":1014.76,"ozone":292.72},{"time":1474498800,"summary":"Clear","icon":"clear-day","precipIntensity":0,"precipProbability":0,"temperature":68.33,"apparentTemperature":68.33,"dewPoint":52.8,"humidity":0.58,"windSpeed":15.92,"windBearing":291,"visibility":10,"cloudCover":0.06,"pressure":1014.26,"ozone":293.83},{"time":1474502400,"summary":"Clear","icon":"clear-day","precipIntensity":0,"precipProbability":0,"temperature":67.03,"apparentTemperature":67.03,"dewPoint":52.14,"humidity":0.59,"windSpeed":16.27,"windBearing":293,"visibility":10,"cloudCover":0.05,"pressure":1013.93,"ozone":295.03},{"time":1474506000,"summary":"Clear","icon":"clear-day","precipIntensity":0,"precipProbability":0,"temperature":64.46,"apparentTemperature":64.46,"dewPoint":51.5,"humidity":0.63,"windSpeed":16,"windBearing":294,"visibility":10,"cloudCover":0.04,"pressure":1013.9,"ozone":296.7},{"time":1474509600,"summary":"Clear","icon":"clear-day","precipIntensity":0,"precipProbability":0,"temperature":61.51,"apparentTemperature":61.51,"dewPoint":51.08,"humidity":0.69,"windSpeed":15.39,"windBearing":297,"visibility":10,"cloudCover":0.04,"pressure":1014.05,"ozone":298.46},{"time":1474513200,"summary":"Clear","icon":"clear-night","precipIntensity":0,"precipProbability":0,"temperature":58.99,"apparentTemperature":58.99,"dewPoint":50.6,"humidity":0.74,"windSpeed":14.82,"windBearing":299,"visibility":10,"cloudCover":0.06,"pressure":1014.25,"ozone":299.84},{"time":1474516800,"summary":"Clear","icon":"clear-night","precipIntensity":0,"precipProbability":0,"temperature":57.4,"apparentTemperature":57.4,"dewPoint":50.31,"humidity":0.77,"windSpeed":14.35,"windBearing":300,"visibility":10,"cloudCover":0.11,"pressure":1014.5,"ozone":300.01},{"time":1474520400,"summary":"Clear","icon":"clear-night","precipIntensity":0,"precipProbability":0,"temperature":56.41,"apparentTemperature":56.41,"dewPoint":50.28,"humidity":0.8,"windSpeed":13.8,"windBearing":302,"visibility":10,"cloudCover":0.17,"pressure":1014.78,"ozone":299.8},{"time":1474524000,"summary":"Clear","icon":"clear-night","precipIntensity":0,"precipProbability":0,"temperature":55.74,"apparentTemperature":55.74,"dewPoint":50.34,"humidity":0.82,"windSpeed":13.42,"windBearing":303,"visibility":10,"cloudCover":0.22,"pressure":1014.98,"ozone":301.25},{"time":1474527600,"summary":"Partly Cloudy","icon":"partly-cloudy-night","precipIntensity":0,"precipProbability":0,"temperature":55.27,"apparentTemperature":55.27,"dewPoint":50.42,"humidity":0.84,"windSpeed":13.21,"windBearing":304,"visibility":10,"cloudCover":0.25,"pressure":1015.02,"ozone":306.02},{"time":1474531200,"summary":"Partly Cloudy","icon":"partly-cloudy-night","precipIntensity":0,"precipProbability":0,"temperature":54.96,"apparentTemperature":54.96,"dewPoint":50.48,"humidity":0.85,"windSpeed":13.05,"windBearing":305,"visibility":10,"cloudCover":0.27,"pressure":1014.99,"ozone":312.44}]},"daily":{"summary":"No precipitation throughout the week, with temperatures rising to 80°F on Sunday.","icon":"clear-day","data":[{"time":1474354800,"summary":"Partly cloudy throughout the day.","icon":"partly-cloudy-day","sunriseTime":1474379853,"sunsetTime":1474423855,"moonPhase":0.65,"precipIntensity":0,"precipIntensityMax":0,"precipProbability":0,"temperatureMin":56.85,"temperatureMinTime":1474380000,"temperatureMax":72.93,"temperatureMaxTime":1474408800,"apparentTemperatureMin":56.85,"apparentTemperatureMinTime":1474380000,"apparentTemperatureMax":72.93,"apparentTemperatureMaxTime":1474408800,"dewPoint":52.86,"humidity":0.69,"windSpeed":6.93,"windBearing":268,"visibility":9.49,"cloudCover":0.35,"pressure":1013.98,"ozone":277.83},{"time":1474441200,"summary":"Partly cloudy until afternoon.","icon":"partly-cloudy-day","sunriseTime":1474466304,"sunsetTime":1474510161,"moonPhase":0.69,"precipIntensity":0,"precipIntensityMax":0,"precipProbability":0,"temperatureMin":53.62,"temperatureMinTime":1474466400,"temperatureMax":68.33,"temperatureMaxTime":1474498800,"apparentTemperatureMin":53.62,"apparentTemperatureMinTime":1474466400,"apparentTemperatureMax":68.33,"apparentTemperatureMaxTime":1474498800,"dewPoint":51.12,"humidity":0.75,"windSpeed":11.47,"windBearing":291,"visibility":10,"cloudCover":0.22,"pressure":1014.57,"ozone":286.79},{"time":1474527600,"summary":"Partly cloudy in the morning.","icon":"partly-cloudy-night","sunriseTime":1474552754,"sunsetTime":1474596466,"moonPhase":0.72,"precipIntensity":0,"precipIntensityMax":0,"precipProbability":0,"temperatureMin":50.98,"temperatureMinTime":1474552800,"temperatureMax":68.39,"temperatureMaxTime":1474585200,"apparentTemperatureMin":50.98,"apparentTemperatureMinTime":1474552800,"apparentTemperatureMax":68.39,"apparentTemperatureMaxTime":1474585200,"dewPoint":49.68,"humidity":0.73,"windSpeed":10.65,"windBearing":304,"visibility":10,"cloudCover":0.14,"pressure":1016.44,"ozone":304.3},{"time":1474614000,"summary":"Clear throughout the day.","icon":"clear-day","sunriseTime":1474639205,"sunsetTime":1474682772,"moonPhase":0.76,"precipIntensity":0,"precipIntensityMax":0,"precipProbability":0,"temperatureMin":52.09,"temperatureMinTime":1474632000,"temperatureMax":72.27,"temperatureMaxTime":1474671600,"apparentTemperatureMin":52.09,"apparentTemperatureMinTime":1474632000,"apparentTemperatureMax":72.27,"apparentTemperatureMaxTime":1474671600,"dewPoint":45.49,"humidity":0.59,"windSpeed":5.07,"windBearing":295,"visibility":10,"cloudCover":0.03,"pressure":1017.99,"ozone":269.96},{"time":1474700400,"summary":"Partly cloudy until afternoon.","icon":"partly-cloudy-day","sunriseTime":1474725656,"sunsetTime":1474769077,"moonPhase":0.8,"precipIntensity":0,"precipIntensityMax":0,"precipProbability":0,"temperatureMin":57.74,"temperatureMinTime":1474718400,"temperatureMax":74.95,"temperatureMaxTime":1474754400,"apparentTemperatureMin":57.74,"apparentTemperatureMinTime":1474718400,"apparentTemperatureMax":74.95,"apparentTemperatureMaxTime":1474754400,"dewPoint":48.47,"humidity":0.56,"windSpeed":2.93,"windBearing":268,"cloudCover":0.08,"pressure":1017.08,"ozone":262.4},{"time":1474786800,"summary":"Clear throughout the day.","icon":"clear-day","sunriseTime":1474812107,"sunsetTime":1474855383,"moonPhase":0.83,"precipIntensity":0,"precipIntensityMax":0,"precipProbability":0,"temperatureMin":61.89,"temperatureMinTime":1474797600,"temperatureMax":80.28,"temperatureMaxTime":1474840800,"apparentTemperatureMin":61.89,"apparentTemperatureMinTime":1474797600,"apparentTemperatureMax":79.11,"apparentTemperatureMaxTime":1474840800,"dewPoint":47.63,"humidity":0.49,"windSpeed":0.85,"windBearing":48,"cloudCover":0,"pressure":1015.59,"ozone":264.39},{"time":1474873200,"summary":"Clear throughout the day.","icon":"clear-day","sunriseTime":1474898558,"sunsetTime":1474941689,"moonPhase":0.87,"precipIntensity":0,"precipIntensityMax":0,"precipProbability":0,"temperatureMin":61.13,"temperatureMinTime":1474891200,"temperatureMax":77.54,"temperatureMaxTime":1474927200,"apparentTemperatureMin":61.13,"apparentTemperatureMinTime":1474891200,"apparentTemperatureMax":77.54,"apparentTemperatureMaxTime":1474927200,"dewPoint":49.15,"humidity":0.53,"windSpeed":2.73,"windBearing":240,"cloudCover":0,"pressure":1013.79,"ozone":257.41},{"time":1474959600,"summary":"Clear throughout the day.","icon":"clear-day","sunriseTime":1474985010,"sunsetTime":1475027996,"moonPhase":0.9,"precipIntensity":0,"precipIntensityMax":0,"precipProbability":0,"temperatureMin":59.07,"temperatureMinTime":1474981200,"temperatureMax":73.31,"temperatureMaxTime":1475010000,"apparentTemperatureMin":59.07,"apparentTemperatureMinTime":1474981200,"apparentTemperatureMax":73.31,"apparentTemperatureMaxTime":1475010000,"dewPoint":50.37,"humidity":0.6,"windSpeed":4.05,"windBearing":236,"cloudCover":0,"pressure":1012.79,"ozone":257.72}]},"flags":{"sources":["darksky","lamp","gfs","cmc","nam","rap","rtma","sref","fnmoc","isd","nwspa","madis","nearest-precip"],"darksky-stations":["KMUX"],"lamp-stations":["KAPC","KCCR","KHWD","KLVK","KNUQ","KOAK","KPAO","KSFO","KSQL"],"isd-stations":["724943-99999","745039-99999","745065-99999","994016-99999","998479-99999"],"madis-stations":["AU915","C5988","C8158","C9629","CQ147","D5422","E0426","E9227","FTPC1","GGBC1","OKXC1","OMHC1","PPXC1","PXOC1","SFOC1","TIBC1"],"units":"us"}}